ProjectID,Year,Month,Date,TotalRainfall,NDaysWithRain,ProbOfRainfall,TMaxAverage,TMinAverage,NDaysRainfallRecorded,NDaysTMaxRecorded,NDaysTMinRecorded
1,1979,7,1979/07/13,78.6,12,0.6316,29.558,21.811,19,19,19
1,1979,8,1979/08/01,292.4,23,0.7419,29.665,22.255,31,31,31
1,1979,9,1979/09/01,791.7,25,0.8333,28.367,21.39,30,30,30
1,1979,10,1979/10/01,552.7,24,0.7742,28.626,21.468,31,31,31
1,1979,11,1979/11/01,210,10,0.3333,29.357,22.41,30,30,30
1,1979,12,1979/12/01,54,9,0.2903,29.126,20.861,31,31,31
1,1980,1,1980/01/01,0.5,1,0.0323,30.577,21.19,31,31,31
1,1980,2,1980/02/01,0.1,1,0.0345,30.907,20.472,29,29,29
1,1980,3,1980/03/01,5.1,1,0.0323,32.761,21.871,31,31,31
1,1980,4,1980/04/01,0.1,1,0.0333,34.467,22.027,30,30,30
1,1980,5,1980/05/01,184.4,15,0.4839,32.823,22.41,31,31,31
1,1980,6,1980/06/01,174.5,21,0.7,30.313,22.497,30,30,30
1,1980,7,1980/07/01,138.6,19,0.6129,30.248,22.265,31,31,31
1,1980,8,1980/08/01,159.3,22,0.7097,29.8,21.487,31,31,31
1,1980,9,1980/09/01,330.5,24,0.8,29.737,21.5,30,30,30
1,1980,10,1980/10/01,435,23,0.7419,28.984,21.613,31,31,31
1,1980,11,1980/11/01,240.5,19,0.6333,29.247,21.183,30,30,30
1,1980,12,1980/12/01,8.7,3,0.0968,28.826,20.768,31,31,31
1,1981,1,1981/01/01,0,0,0,29.206,20.013,31,31,31
1,1981,2,1981/02/01,0.8,2,0.0714,31.446,21.389,28,28,28
1,1981,3,1981/03/01,0.7,1,0.0333,33.623,21.67,30,30,30
1,1981,4,1981/04/01,10.8,5,0.1667,33.003,23.443,30,30,30
1,1981,5,1981/05/01,352.7,24,0.7742,30.152,22.481,31,31,31
1,1981,6,1981/06/01,581.7,27,0.9,28.51,21.67,30,30,30
1,1981,7,1981/07/01,171.6,23,0.7419,29.516,21.584,31,31,31
1,1981,8,1981/08/01,511.6,22,0.7097,28.729,21.59,31,31,31
1,1981,9,1981/09/01,194.7,14,0.4667,29.98,21.2,30,30,30
1,1981,10,1981/10/01,268.4,24,0.7742,29.242,21.177,31,31,31
1,1981,11,1981/11/01,153.4,14,0.4828,28.445,20.197,29,29,29
1,1981,12,1981/12/01,26.8,7,0.2333,29.453,20.397,30,30,30
1,1982,1,1982/01/01,16.1,3,0.0968,30.281,20.61,31,31,31
1,1982,2,1982/02/01,1.9,4,0.1429,31.632,21.643,28,28,28
1,1982,3,1982/03/01,0.4,1,0.0323,33.465,21.903,31,31,31
1,1982,4,1982/04/01,40.9,2,0.0667,34.143,22.61,30,30,30
1,1982,5,1982/05/01,918.5,15,0.4839,32.955,22.332,31,31,31
1,1982,6,1982/06/01,129.2,15,0.5,30.38,22.433,30,30,30
1,1982,7,1982/07/01,116.7,16,0.5161,29.745,22.842,31,31,31
1,1982,8,1982/08/01,33.9,12,0.3871,29.671,22.99,31,31,31
1,1982,9,1982/09/01,328.3,21,0.7,30.167,22.063,30,30,30
1,1982,10,1982/10/01,197.4,18,0.5806,29.058,21.79,31,31,31
1,1982,11,1982/11/01,37.1,7,0.2333,29.337,22.087,30,30,30
1,1982,12,1982/12/01,0.8,2,0.0645,30.39,21.868,31,31,31
1,1983,1,1983/01/01,1.8,1,0.0333,31.583,21.553,30,30,30
1,1983,2,1983/02/01,0,0,0,33.632,21.607,28,28,28
1,1983,3,1983/03/01,22,2,0.0645,34.355,22.184,31,31,31
1,1983,4,1983/04/01,3.6,1,0.0333,35.67,22.3,30,30,30
1,1983,5,1983/05/01,20.7,5,0.1613,35.565,23.584,31,31,31
1,1983,6,1983/06/01,180.4,20,0.6667,31.847,22.823,30,30,30
1,1983,7,1983/07/01,105.7,13,0.4194,30.845,22.687,31,31,31
1,1983,8,1983/08/01,106.8,16,0.5161,31.871,22.113,31,31,31
1,1983,9,1983/09/01,187.5,19,0.6333,30.263,21.587,30,30,30
1,1983,10,1983/10/01,205.6,21,0.6774,29.732,21.026,31,31,31
1,1983,11,1983/11/01,79.2,11,0.3667,29.76,21.163,30,30,30
1,1983,12,1983/12/01,7,4,0.129,30.316,21.358,31,31,31
1,1984,1,1984/01/01,5.9,3,0.0968,30.768,21.113,31,31,31
1,1984,2,1984/02/01,7.8,6,0.2069,32.566,21.862,29,29,29
1,1984,3,1984/03/01,0,0,0,33.394,21.848,31,31,31
1,1984,4,1984/04/01,0,0,0,34.187,21.61,30,30,30
1,1984,5,1984/05/01,120,10,0.3333,33.277,22.36,30,30,30
1,1984,6,1984/06/01,217.6,15,0.5,30.503,21.997,30,30,30
1,1984,7,1984/07/01,277.9,19,0.6129,29.494,21.316,31,31,31
1,1984,8,1984/08/01,172.4,21,0.6774,28.81,21.494,31,31,31
1,1984,9,1984/09/01,612.8,28,0.9333,28.18,21.183,30,30,30
1,1984,10,1984/10/01,263.2,20,0.6452,29.161,21.268,31,31,31
1,1984,11,1984/11/01,52.3,11,0.3667,28.507,20.3,30,30,30
1,1984,12,1984/12/01,6.7,4,0.129,28.774,21.642,31,31,31
1,1985,1,1985/01/01,0,0,0,29.571,20.335,31,31,31
1,1985,2,1985/02/01,0,0,0,30.918,21.929,28,28,28
1,1985,3,1985/03/01,0,0,0,32.865,21.603,31,31,31
1,1985,4,1985/04/01,3.4,2,0.0667,33.547,22.247,30,30,30
1,1985,5,1985/05/01,98.6,9,0.2903,32.477,22.3,31,31,31
1,1985,6,1985/06/01,210.7,15,0.5,30.337,21.927,30,30,30
1,1985,7,1985/07/01,153.5,20,0.6452,29.539,21.177,31,31,31
1,1985,8,1985/08/01,168.4,16,0.5517,29.079,21.038,29,29,29
1,1985,9,1985/09/01,214.3,22,0.7333,29.083,21.107,30,30,30
1,1985,10,1985/10/01,436.1,21,0.6774,28.31,20.871,31,31,31
1,1985,11,1985/11/01,119,14,0.4667,28.12,21.11,30,30,30
1,1985,12,1985/12/01,26.4,11,0.3548,28.6,21.445,31,31,31
1,1986,1,1986/01/01,4.8,2,0.0645,29.135,21.79,31,31,31
1,1986,2,1986/02/01,1.7,3,0.1071,32.493,20.279,28,28,28
1,1986,3,1986/03/01,5.4,2,0.0645,32.5,21.474,31,31,31
1,1986,4,1986/04/01,0,0,0,34.11,22.807,29,29,29
1,1986,5,1986/05/01,394.5,11,0.3548,32.426,22.623,31,31,31
1,1986,6,1986/06/01,365.7,15,0.5,29.79,22.307,30,30,30
1,1986,7,1986/07/01,17.1,14,0.4516,29.881,22.745,31,31,31
1,1986,8,1986/08/01,123.2,15,0.4839,30.787,21.906,31,31,31
1,1986,9,1986/09/01,124.3,23,0.7667,29.51,21.887,30,30,30
1,1986,10,1986/10/01,199.7,21,0.6774,29.377,20.613,31,31,31
1,1986,11,1986/11/01,35.3,11,0.3667,29.54,21.49,30,30,30
1,1986,12,1986/12/01,14.2,8,0.2581,30.194,21.335,31,31,31
1,1987,1,1987/01/01,0,0,0,30.797,21.23,31,31,31
1,1987,2,1987/02/01,0,0,0,32.061,22.268,28,28,28
1,1987,3,1987/03/01,5.3,2,0.0645,34.5,22.248,31,31,31
1,1987,4,1987/04/01,0,0,0,34.79,23.61,30,30,30
1,1987,5,1987/05/01,52,8,0.2581,34.626,22.797,31,31,31
1,1987,6,1987/06/01,86.7,14,0.4667,33.03,22.747,30,30,30
1,1987,7,1987/07/01,205.1,19,0.6129,31.577,22.39,31,31,31
1,1987,8,1987/08/01,303.9,15,0.4839,30.706,22.539,31,31,31
1,1987,9,1987/09/01,195.5,20,0.6667,30.96,21.723,30,30,30
1,1987,10,1987/10/01,210.9,14,0.4516,30.197,21.51,31,31,31
1,1987,11,1987/11/01,10,4,0.1333,30.563,21.66,30,30,30
1,1987,12,1987/12/01,19.2,4,0.129,30.371,21.384,31,31,31
1,1988,1,1988/01/01,1.2,1,0.0323,30.732,21.752,31,31,31
1,1988,2,1988/02/01,0,0,0,33.259,23.203,29,29,29
1,1988,3,1988/03/01,0,0,0,34.684,23.79,31,31,31
1,1988,4,1988/04/01,0,0,0,35.247,24.603,30,30,30
1,1988,5,1988/05/01,191.9,12,0.3871,32.929,22.89,31,31,31
1,1988,6,1988/06/01,440.6,24,0.8,30.377,22.44,30,30,30
1,1988,7,1988/07/01,82.6,15,0.4839,29.458,21.758,31,31,31
1,1988,8,1988/08/01,752.5,30,0.9677,28.4,21.784,31,31,31
1,1988,9,1988/09/01,615.3,27,0.9,27.983,22.067,30,30,30
1,1988,10,1988/10/01,375.9,26,0.8387,28.194,21.439,31,31,31
1,1988,11,1988/11/01,72.3,12,0.4,29.057,21.49,30,30,30
1,1988,12,1988/12/01,24.5,12,0.4,27.747,21.137,30,30,30
1,1989,1,1989/01/01,6.8,4,0.129,29.142,21.603,31,31,31
1,1989,2,1989/02/01,0,0,0,30.396,21.075,28,28,28
1,1989,3,1989/03/01,0,0,0,33.294,21.19,31,31,31
1,1989,4,1989/04/01,0,0,0,34.337,22.73,30,30,30
1,1989,5,1989/05/01,57.7,6,0.1935,32.897,22.903,31,31,31
1,1989,6,1989/06/01,211.2,20,0.6667,31.207,22.32,30,30,30
1,1989,7,1989/07/01,165.5,14,0.4516,29.49,21.748,31,31,31
1,1989,8,1989/08/01,161.3,19,0.6129,29.494,21.223,31,31,31
1,1989,9,1989/09/01,518.7,25,0.8333,27.73,21.32,30,30,30
1,1989,10,1989/10/01,107.4,19,0.6129,29.406,21.542,31,31,31
1,1989,11,1989/11/01,66.3,17,0.5667,28.913,21.367,30,30,30
1,1989,12,1989/12/01,51.3,4,0.129,28.274,20.974,31,31,31
1,1990,1,1990/01/01,2.7,1,0.0323,29.481,22.11,31,31,31
1,1990,2,1990/02/01,0,0,0,32.354,22.057,28,28,28
1,1990,3,1990/03/01,0,0,0,33.416,22.774,31,31,31
1,1990,4,1990/04/01,26.6,1,0.0333,34.59,22.637,30,30,30
1,1990,5,1990/05/01,142.7,10,0.3226,33.306,23.148,31,31,31
1,1990,6,1990/06/01,65.6,5,0.1667,30.873,22.543,30,30,30
1,1990,7,1990/07/01,80.2,5,0.1613,30.206,21.906,31,31,31
1,1990,8,1990/08/01,59.7,14,0.4516,31.135,22.41,31,31,31
1,1990,9,1990/09/01,130.2,12,0.4,31.8,21.987,30,30,30
1,1990,10,1990/10/01,392.5,21,0.6774,28.732,21.523,31,31,31
1,1990,11,1990/11/01,197.8,9,0.3,28.773,21.403,30,30,30
1,1990,12,1990/12/01,18.2,4,0.129,29.161,22.013,31,31,31
1,1991,1,1991/01/01,2.1,1,0.0323,30.306,22.058,31,31,31
1,1991,2,1991/02/01,0,0,0,31.779,22.439,28,28,28
1,1991,3,1991/03/01,1,1,0.0323,34.016,22.619,31,31,31
1,1991,4,1991/04/01,0,0,0,34.347,23.317,30,30,30
1,1991,5,1991/05/01,141.9,9,0.2903,32.952,23.129,31,31,31
1,1991,6,1991/06/01,186.3,13,0.4333,30.52,25.697,30,30,30
1,1991,7,1991/07/01,74.8,13,0.4194,29.248,25,31,31,31
1,1991,8,1991/08/01,75.8,11,0.3548,30.016,24.27,31,31,31
1,1991,9,1991/09/01,81.3,9,0.3,29.573,21.68,30,30,30
1,1991,10,1991/10/01,221.9,12,0.3871,29.261,21,31,31,31
1,1991,11,1991/11/01,10.6,2,0.0667,29.433,21.723,30,30,30
1,1991,12,1991/12/01,22.7,4,0.129,30.5,22.226,31,31,31
1,1992,1,1992/01/01,0,0,0,32.145,21.871,31,31,31
1,1992,2,1992/02/01,0,0,0,32.724,22.293,29,29,29
1,1992,3,1992/03/01,0,0,0,34.694,22.903,31,31,31
1,1992,4,1992/04/01,1.52,1,0.0333,35.283,23.167,30,30,30
1,1992,5,1992/05/01,47.5,5,0.1613,34.468,22.855,31,31,31
1,1992,6,1992/06/01,269.54,22,0.7333,32,22.15,30,30,30
1,1992,7,1992/07/01,121.93,16,0.5161,29.194,21.79,31,31,31
1,1992,8,1992/08/01,154.7,15,0.4839,29.242,21.242,31,31,31
1,1992,9,1992/09/01,242.82,20,0.6667,29.233,20.833,30,30,30
1,1992,10,1992/10/01,100.33,16,0.5161,29.371,21.032,31,31,31
1,1992,11,1992/11/01,75.2,8,0.2667,30,21,30,30,30
1,1992,12,1992/12/01,7,2,0.0645,30,21,31,31,31
1,1993,1,1993/01/01,4.32,2,0.0645,31.968,20.935,31,31,31
1,1993,2,1993/02/01,0,0,0,33.625,21.75,28,28,28
1,1993,3,1993/03/01,0,0,0,34.677,21.661,31,31,31
1,1993,4,1993/04/01,11.17,4,0.1333,35.233,22.65,30,30,30
1,1993,5,1993/05/01,165.33,21,0.6774,32.532,22.468,31,31,31
1,1993,6,1993/06/01,184.41,20,0.6667,31.017,22.3,30,30,30
1,1993,7,1993/07/01,82.81,14,0.4516,29.952,22.403,31,31,31
1,1993,8,1993/08/01,300.47,23,0.7419,29.774,21.677,31,31,31
1,1993,9,1993/09/01,348.47,22,0.7333,28.35,21.3,30,30,30
1,1993,10,1993/10/01,209.77,17,0.5484,29.645,21.403,31,31,31
1,1993,11,1993/11/01,17.77,10,0.3333,28.95,21.383,30,30,30
1,1993,12,1993/12/01,0.5,2,0.0645,29.677,21.274,31,31,31
1,1994,1,1994/01/01,0.76,1,0.0323,31.806,21.742,31,31,31
1,1994,2,1994/02/01,0,0,0,33.268,22.339,28,28,28
1,1994,3,1994/03/01,0,0,0,34.887,22.177,31,31,31
1,1994,4,1994/04/01,116.33,3,0.1,34.617,22.85,30,30,30
1,1994,5,1994/05/01,143.77,11,0.3548,32.661,22.613,31,31,31
1,1994,6,1994/06/01,104.4,11,0.3667,29.8,22.067,30,30,30
1,1994,7,1994/07/01,38.86,12,0.3871,30.129,22.452,31,31,31
1,1994,8,1994/08/01,70.08,20,0.6452,29.532,20.081,31,31,31
1,1994,9,1994/09/01,138.17,14,0.4667,27.033,20,30,30,30
1,1994,10,1994/10/01,298.19,18,0.5806,27,20,31,31,31
1,1994,11,1994/11/01,186.19,18,0.6,29.1,21.067,30,30,30
1,1994,12,1994/12/01,23.36,6,0.1935,29.79,21.919,31,31,31
1,1995,1,1995/01/01,0,0,0,31.161,21.887,31,31,31
1,1995,2,1995/02/01,0,0,0,32.357,22.018,28,28,28
1,1995,3,1995/03/01,1.78,2,0.0645,34.032,22.21,31,31,31
1,1995,4,1995/04/01,47.49,4,0.1333,34.333,22.567,30,30,30
1,1995,5,1995/05/01,92.43,11,0.3548,32.952,21.839,31,31,31
1,1995,6,1995/06/01,229.11,21,0.7,30.45,22.267,30,30,30
1,1995,7,1995/07/01,104.67,23,0.7419,30.435,21.839,31,31,31
1,1995,8,1995/08/01,449.44,25,0.8065,29.113,21.661,31,31,31
1,1995,9,1995/09/01,473.97,23,0.7667,29.417,21.85,30,30,30
1,1995,10,1995/10/01,650.5,24,0.7742,28.113,21.919,31,31,31
1,1995,11,1995/11/01,32.76,12,0.4,29.033,21.483,30,30,30
1,1995,12,1995/12/01,21.59,7,0.2258,29.306,20.984,31,31,31
1,1996,1,1996/01/01,59.44,4,0.129,29.419,20.29,31,31,31
1,1996,2,1996/02/01,0,0,0,31.638,21.672,29,29,29
1,1996,3,1996/03/01,0,0,0,33.403,21.048,31,31,31
1,1996,4,1996/04/01,3.3,2,0.0667,34.933,22.867,30,30,30
1,1996,5,1996/05/01,286.51,20,0.6452,31.056,22.806,31,31,31
1,1996,6,1996/06/01,253.72,20,0.6667,29.6,21.983,30,30,30
1,1996,7,1996/07/01,200.15,21,0.6774,29.048,21.758,31,31,31
1,1996,8,1996/08/01,255.26,17,0.5484,29.194,21.274,31,31,31
1,1996,9,1996/09/01,313.93,21,0.7,29.667,21.283,30,30,30
1,1996,10,1996/10/01,593.33,26,0.8387,27.984,21.839,31,31,31
1,1996,11,1996/11/01,290.29,18,0.6,28.1,21.433,30,30,30
1,1996,12,1996/12/01,4.56,4,0.129,28.919,21.548,31,31,31
1,1997,1,1997/01/01,2.32,3,0.0968,30.129,20.565,31,31,31
1,1997,2,1997/02/01,0,0,0,31.107,22.446,28,28,28
1,1997,3,1997/03/01,0,0,0,33.21,22.226,31,31,31
1,1997,4,1997/04/01,24.4,5,0.1667,34.067,22.7,30,30,30
1,1997,5,1997/05/01,15.7,4,0.129,33.694,23.645,31,31,31
1,1997,6,1997/06/01,286.8,16,0.5333,30.96,22.283,30,30,30
1,1997,7,1997/07/01,65.1,13,0.4194,30.403,23.435,31,31,31
1,1997,8,1997/08/01,31.87,8,0.2581,32.79,23.371,31,31,31
1,1997,9,1997/09/01,170.71,18,0.6,31.65,22.417,30,30,30
1,1997,10,1997/10/01,285.98,19,0.6129,29.774,22.339,31,31,31
1,1997,11,1997/11/01,204.92,14,0.4667,29.75,21.583,30,30,30
1,1997,12,1997/12/01,4.06,1,0.0323,29.839,21.452,31,31,31
1,1998,1,1998/01/01,0,0,0,30.929,21.815,31,31,31
1,1998,2,1998/02/01,0,0,0,33.113,19.358,28,28,28
1,1998,3,1998/03/01,0,0,0,33.489,22.427,31,31,31
1,1998,4,1998/04/01,0,0,0,34.465,22.17,30,30,30
1,1998,5,1998/05/01,30.01,2,0.0645,33.105,22.624,31,31,31
1,1998,6,1998/06/01,269.47,18,0.6,31.182,22.233,30,30,30
1,1998,7,1998/07/01,167.06,12,0.3871,29.965,21.38,31,31,31
1,1998,8,1998/08/01,254.28,16,0.5161,30.599,21.356,31,31,31
1,1998,9,1998/09/01,305.28,22,0.7333,29.938,21.068,30,30,30
1,1998,10,1998/10/01,878.34,27,0.871,28.651,21.378,31,31,31
1,1998,11,1998/11/01,229.47,13,0.4333,29.343,20.273,30,30,30
1,1998,12,1998/12/01,46.6,11,0.3548,28.364,20.802,31,31,31
1,1999,1,1999/01/01,8,4,0.129,28.873,20.693,31,31,31
1,1999,2,1999/02/01,0,0,0,30.219,21.085,28,28,28
1,1999,3,1999/03/01,0,0,0,31.656,21.993,31,31,31
1,1999,4,1999/04/01,44.61,8,0.2667,32.333,22.24,30,30,30
1,1999,5,1999/05/01,164.46,15,0.4839,30.935,21.128,31,31,31
1,1999,6,1999/06/01,258.29,15,0.5,29.55,20.742,30,30,30
1,1999,7,1999/07/01,86.91,19,0.6129,29.772,21.264,31,31,31
1,1999,8,1999/08/01,261.06,19,0.6129,29.641,20.713,31,31,31
1,1999,9,1999/09/01,1332.87,26,0.8667,27.592,20.512,30,30,30
1,1999,10,1999/10/01,500.54,18,0.5806,28.144,20.433,31,31,31
1,1999,11,1999/11/01,108.12,11,0.3667,28.604,19.942,30,30,30
1,1999,12,1999/12/01,6,2,0.0645,29.081,21.726,31,31,31
1,2000,1,2000/01/01,11.8,3,0.0968,30.026,21.913,31,31,31
1,2000,2,2000/02/01,4,1,0.0345,31.569,22.588,29,29,29
1,2000,3,2000/03/01,0,0,0,33.383,21.906,31,31,31
1,2000,4,2000/04/01,1.8,1,0.0333,32.451,22.666,30,30,30
1,2000,5,2000/05/01,201.06,11,0.3548,31.96,21.041,31,31,31
1,2000,6,2000/06/01,144.92,23,0.7667,29.936,22.007,30,30,30
1,2000,7,2000/07/01,47.2,10,0.3226,29.562,21.369,31,31,31
1,2000,8,2000/08/01,83.2,19,0.6129,29.741,21.128,31,31,31
1,2000,9,2000/09/01,572.37,29,0.9667,29.013,20.494,30,30,30
1,2000,10,2000/10/01,135.44,15,0.4839,29.142,21.048,31,31,31
1,2000,11,2000/11/01,99.83,12,0.4,29.51,20.346,30,30,30
1,2000,12,2000/12/01,10.8,4,0.129,28.916,20.252,31,31,31
1,2001,1,2001/01/01,1,1,0.0323,28.988,20.195,31,31,31
1,2001,2,2001/02/01,0,0,0,30.612,23.029,28,28,28
1,2001,3,2001/03/01,0,0,0,32.716,19.983,31,31,31
1,2001,4,2001/04/01,8.4,1,0.0333,32.914,23.309,30,30,30
1,2001,5,2001/05/01,177.04,11,0.3548,32.721,22.437,31,31,31
1,2001,6,2001/06/01,124.6,13,0.4333,29.75,21.955,30,30,30
1,2001,7,2001/07/01,46,9,0.2903,29.825,20.991,31,31,31
1,2001,8,2001/08/01,100.2,16,0.5161,30.515,21.775,31,31,31
1,2001,9,2001/09/01,247.46,18,0.6,30.335,20.113,30,30,30
1,2001,10,2001/10/01,359.5,19,0.6129,28.69,21.508,31,31,31
1,2001,11,2001/11/01,596.1,10,0.3333,29.11,21.579,30,30,30
1,2001,12,2001/12/01,14.6,6,0.1935,30.226,21.258,31,31,31
1,2002,1,2002/01/01,0,0,0,30.35,22.442,31,31,31
1,2002,2,2002/02/01,0,0,0,31.91,23.631,28,28,28
1,2002,3,2002/03/01,0,0,0,33.625,23.011,31,31,31
1,2002,4,2002/04/01,0,0,0,34.563,23.89,30,30,30
1,2002,5,2002/05/01,348.1,8,0.2581,32.927,23.712,31,31,31
1,2002,6,2002/06/01,214.14,18,0.6,30.316,22.322,30,30,30
1,2002,7,2002/07/01,153.83,15,0.4839,29.699,22.349,31,31,31
1,2002,8,2002/08/01,157.11,15,0.4839,30.146,21.67,31,31,31
1,2002,9,2002/09/01,307.87,24,0.8,29.501,21.058,30,30,30
1,2002,10,2002/10/01,327.71,19,0.6129,30.095,20.548,31,31,31
1,2002,11,2002/11/01,83.5,13,0.4333,28.747,21.623,30,30,30
1,2002,12,2002/12/01,0,0,0,29.081,21.726,31,31,31
1,2003,1,2003/01/01,0.9,2,0.0645,30.026,21.913,31,31,31
1,2003,2,2003/02/01,0,0,0,31.918,22.532,28,28,28
1,2003,3,2003/03/01,42.02,5,0.1613,33.355,22.133,31,31,31
1,2003,4,2003/04/01,1,1,0.0333,33.299,21.231,30,30,30
1,2003,5,2003/05/01,152.01,15,0.4839,31.685,22.3,31,31,31
1,2003,6,2003/06/01,362.3,24,0.8,30.243,22.543,30,30,30
1,2003,7,2003/07/01,86.4,14,0.4516,29.752,22.368,31,31,31
1,2003,8,2003/08/01,68.7,18,0.5806,29.774,22.187,31,31,31
1,2003,9,2003/09/01,285.4,22,0.7333,29.377,21.7,30,30,30
1,2003,10,2003/10/01,277.9,25,0.8065,28.697,21.677,31,31,31
1,2003,11,2003/11/01,73.7,17,0.5667,28.747,21.623,30,30,30
1,2003,12,2003/12/01,72.6,6,0.1935,29.081,21.726,31,31,31
1,2004,1,2004/01/01,8.2,2,0.0645,30.348,20.616,31,31,31
1,2004,2,2004/02/01,0,0,0,33.372,21.877,29,29,29
1,2004,3,2004/03/01,1.8,1,0.0323,33.903,23.348,31,31,31
1,2004,4,2004/04/01,0,0,0,35.7,22.857,30,30,30
1,2004,5,2004/05/01,387.4,12,0.3871,33.174,22.852,31,31,31
1,2004,6,2004/06/01,78.2,16,0.5333,31.44,22.373,30,30,30
1,2004,7,2004/07/01,177.7,16,0.5161,30.561,21.41,31,31,31
1,2004,8,2004/08/01,93.7,18,0.5806,30.232,22.268,31,31,31
1,2004,9,2004/09/01,206.6,21,0.7,29.993,21.307,30,30,30
1,2004,10,2004/10/01,184.9,24,0.7742,29.461,21.503,31,31,31
1,2004,11,2004/11/01,165.8,11,0.3667,29.177,21.473,30,30,30
1,2004,12,2004/12/01,24.2,5,0.1613,28.719,21.726,31,31,31
1,2005,1,2005/01/01,0,0,0,30.161,20.935,31,31,31
1,2005,2,2005/02/01,0,0,0,32.157,21.379,28,28,28
1,2005,3,2005/03/01,0,0,0,36,22.774,31,31,31
1,2005,4,2005/04/01,0,0,0,35.05,23.383,30,30,30
1,2005,5,2005/05/01,355,14,0.4516,32.279,23.855,31,31,31
1,2005,6,2005/06/01,408.7,24,0.8,27.883,22.977,30,30,30
1,2005,7,2005/07/01,158,18,0.5806,28.165,22.865,31,31,31
1,2005,8,2005/08/01,208.6,17,0.5484,29.329,23.203,31,31,31
1,2005,9,2005/09/01,583.3,17,0.5667,27.65,23.15,30,30,30
1,2005,10,2005/10/01,1265.4,26,0.8387,25.297,22.368,31,31,31
1,2005,11,2005/11/01,60.4,22,0.7333,27.07,21.92,30,30,30
1,2005,12,2005/12/01,5.5,6,0.1935,28.545,22.123,31,31,31
1,2006,1,2006/01/01,14.6,3,0.0968,29.513,22.635,31,31,31
1,2006,2,2006/02/01,4,1,0.0357,31.018,22.914,28,28,28
1,2006,3,2006/03/01,0,0,0,36.258,23.761,31,31,31
1,2006,4,2006/04/01,0,0,0,35.698,23.797,30,30,30
1,2006,5,2006/05/01,96.8,10,0.3226,32.65,23.613,31,31,31
1,2006,6,2006/06/01,450.2,21,0.7,29.397,23.237,30,30,30
1,2006,7,2006/07/01,182,19,0.6129,29.806,23.352,31,31,31
1,2006,8,2006/08/01,117,14,0.4516,30.058,23.532,31,31,31
1,2006,9,2006/09/01,173.7,18,0.6,31.048,22.693,30,30,30
1,2006,10,2006/10/01,206.5,24,0.7742,28.584,22.871,31,31,31
1,2006,11,2006/11/01,171.8,20,0.6667,28.073,21.703,30,30,30
1,2006,12,2006/12/01,20.1,7,0.2258,27.445,21.977,31,31,31
1,2007,1,2007/01/01,0,0,0,30.918,22.951,31,31,31
1,2007,2,2007/02/01,0,0,0,33.315,23.109,28,28,28
1,2007,3,2007/03/01,0.2,1,0.0323,33.988,23.677,31,31,31
1,2007,4,2007/04/01,37.4,6,0.2,34.579,24.293,30,30,30
1,2007,5,2007/05/01,568.8,13,0.4194,29.126,25.277,31,31,31
1,2007,6,2007/06/01,127.8,19,0.6333,26.81,24.683,30,30,30
1,2007,7,2007/07/01,161.7,16,0.5161,26.81,25.023,31,31,31
1,2007,8,2007/08/01,598.8,25,0.8065,28.926,22.897,31,31,31
1,2007,9,2007/09/01,149.5,24,0.8,28.783,22.307,30,30,30
1,2007,10,2007/10/01,1720,26,0.8387,25.497,23.965,31,31,31
1,2007,11,2007/11/01,98,9,0.3,26.443,23.573,30,30,30
1,2007,12,2007/12/01,36,8,0.2581,27.435,23.139,31,31,31
1,2008,1,2008/01/01,4.9,5,0.1613,27.519,24.132,31,31,31
1,2008,2,2008/02/01,1.2,2,0.069,30.048,23.876,29,29,29
1,2008,3,2008/03/01,0,0,0,30.435,25.048,31,31,31
1,2008,4,2008/04/01,5.6,2,0.0667,30.3,25.747,30,30,30
1,2008,5,2008/05/01,383.6,10,0.3226,28.72,24.652,31,31,31
1,2008,6,2008/06/01,307.5,15,0.5,26.423,24.39,30,30,30
1,2008,7,2008/07/01,254.9,21,0.6774,25.91,23.858,31,31,31
1,2008,8,2008/08/01,206.4,27,0.871,27.145,23.19,31,31,31
1,2008,9,2008/09/01,590.6,27,0.9,29.203,21.833,30,30,30
1,2008,10,2008/10/01,805.5,29,0.9355,26.626,23.261,31,31,31
1,2008,11,2008/11/01,91.6,18,0.6,27.163,22.567,30,30,30
1,2008,12,2008/12/01,53.2,13,0.4194,27.219,22.713,31,31,31
1,2009,1,2009/01/01,0,0,0,29.226,22.635,31,31,31
1,2009,2,2009/02/01,2,2,0.0714,31.261,22.486,28,28,28
1,2009,3,2009/03/01,0,0,0,32.635,22.723,31,31,31
1,2009,4,2009/04/01,79.7,1,0.0333,33.143,23.96,30,30,30
1,2009,5,2009/05/01,86,14,0.4516,32.029,22.997,31,31,31
1,2009,6,2009/06/01,343.4,18,0.6,30.013,22.69,30,30,30
1,2009,7,2009/07/01,101.8,19,0.6129,29.3,22.958,31,31,31
1,2009,8,2009/08/01,54.8,21,0.6774,30.213,22.774,31,31,31
1,2009,9,2009/09/01,277.4,15,0.5,30.536,23.06,30,30,30
1,2009,10,2009/10/01,186.9,19,0.6129,28.174,22.581,31,31,31
1,2009,11,2009/11/01,328.7,11,0.3667,27.79,22.517,30,30,30
1,2009,12,2009/12/01,3.1,3,0.0968,28.581,22.668,31,31,31
1,2010,1,2010/01/01,0,0,0,29.481,22.429,31,31,31
1,2010,2,2010/02/01,0,0,0,32.007,23.114,28,28,28
1,2010,3,2010/03/01,1,1,0.0323,33.219,23.174,31,31,31
1,2010,4,2010/04/01,99.9,8,0.2667,32.677,24.557,30,30,30
1,2010,5,2010/05/01,355.2,16,0.5161,28.706,26.006,31,31,31
1,2010,6,2010/06/01,284.6,20,0.6667,29.688,23.093,30,30,30
1,2010,7,2010/07/01,413.4,23,0.7419,28.521,22.745,31,31,31
1,2010,8,2010/08/01,751.2,24,0.7742,27.94,22.682,31,31,31
1,2010,9,2010/09/01,544.8,29,0.9667,26.417,22.49,30,30,30
1,2010,10,2010/10/01,164.3,16,0.5161,27.306,22.584,31,31,31
1,2010,11,2010/11/01,225.6,14,0.4667,26.13,21.657,30,30,30
1,2010,12,2010/12/01,1,2,0.0645,25.677,20.948,31,31,31
1,2011,1,2011/01/01,0,0,0,28.232,22.348,31,31,31
1,2011,2,2011/02/01,17,2,0.0714,30.475,23.029,28,28,28
1,2011,3,2011/03/01,0,0,0,32.045,23.032,31,31,31
1,2011,4,2011/04/01,12.2,1,0.0333,33.26,23.177,30,30,30
1,2011,5,2011/05/01,225.6,17,0.5484,30.852,23.597,31,31,31
1,2011,6,2011/06/01,405.1,23,0.7667,28.447,23.233,30,30,30
1,2011,7,2011/07/01,382.1,21,0.6774,27.848,22.8,31,31,31
1,2011,8,2011/08/01,126.8,20,0.6452,28.952,22.603,31,31,31
1,2011,9,2011/09/01,234.5,22,0.7333,28.553,22.667,30,30,30
1,2011,10,2011/10/01,1124.8,28,0.9032,26.184,22.19,31,31,31
1,2011,11,2011/11/01,70.3,11,0.3667,27.497,21.91,30,30,30
1,2011,12,2011/12/01,8.6,4,0.129,27.681,22.403,31,31,31
1,2012,1,2012/01/01,6.5,6,0.1935,29.123,22.71,31,31,31
1,2012,2,2012/02/01,0.5,2,0.069,31.866,23.531,29,29,29
1,2012,3,2012/03/01,0,0,0,33.71,24.042,31,31,31
1,2012,4,2012/04/01,27.4,3,0.1,34.377,23.633,30,30,30
1,2012,5,2012/05/01,234,16,0.5161,31.665,23.61,31,31,31
1,2012,6,2012/06/01,291.2,24,0.8,29.547,23.173,30,30,30
1,2012,7,2012/07/01,58.8,14,0.4516,29.51,23.119,31,31,31
1,2012,8,2012/08/01,222,24,0.7742,29.116,22.871,31,31,31
1,2012,9,2012/09/01,263.9,19,0.6333,28.397,22.847,30,30,30
1,2012,10,2012/10/01,259.7,25,0.8065,27.271,22.574,31,31,31
1,2012,11,2012/11/01,38,4,0.1333,27.28,22.49,30,30,30
1,2012,12,2012/12/01,0,0,0,28.71,22.019,31,31,31
1,2013,1,2013/01/01,1.7,2,0.0645,30.474,23.684,31,31,31
1,2013,2,2013/02/01,0,0,0,31.679,23.368,28,28,28
1,2013,3,2013/03/01,0,0,0,32.561,23.842,31,31,31
1,2013,4,2013/04/01,0,0,0,34.3,24.54,30,30,30
1,2013,5,2013/05/01,235.5,10,0.3226,32.358,24.142,31,31,31
1,2013,6,2013/06/01,171.4,15,0.5,29.123,23.443,30,30,30
1,2013,7,2013/07/01,178.4,12,0.3871,28.116,23.045,31,31,31
1,2013,8,2013/08/01,172.7,14,0.4516,28.787,23.323,31,31,31
1,2013,9,2013/09/01,393.9,23,0.7667,28.283,24.443,30,30,30
1,2013,10,2013/10/01,343.6,27,0.871,27.323,22.523,31,31,31
1,2013,11,2013/11/01,107.8,22,0.7333,26.73,22.277,30,30,30
1,2013,12,2013/12/01,2.2,2,0.0645,27.516,22.981,31,31,31
1,2014,1,2014/01/01,0,0,0,29.226,23.29,31,31,31
1,2014,2,2014/02/01,0,0,0,31.161,23.654,28,28,28
1,2014,3,2014/03/01,0,0,0,33.29,23.458,31,31,31
1,2014,4,2014/04/01,0.8,1,0.0333,36.737,27.353,30,30,30
1,2014,5,2014/05/01,205.9,8,0.2581,34.945,27.142,31,31,31
1,2014,6,2014/06/01,68.4,11,0.3667,31.497,26.38,30,30,30
1,2014,7,2014/07/01,16.4,4,0.129,32.016,26.658,31,31,31
1,2014,8,2014/08/01,92.8,16,0.5161,31.887,26.077,31,31,31
1,2014,9,2014/09/01,342.8,22,0.7333,29.533,24.083,30,30,30
1,2014,10,2014/10/01,280.2,22,0.7097,28.071,24.006,31,31,31
1,2014,11,2014/11/01,97.8,13,0.4333,28.25,24.133,30,30,30
1,2014,12,2014/12/01,8.6,4,0.129,28.471,24.074,31,31,31
1,2015,1,2015/01/01,0.1,1,0.0323,30.31,24.897,31,31,31
1,2015,2,2015/02/01,0,0,0,33.581,25.395,28,28,28
1,2015,3,2015/03/01,0,0,0,35.303,26.29,31,31,31
1,2015,4,2015/04/01,0,0,0,36.037,27.477,30,30,30
1,2015,5,2015/05/01,6.9,2,0.0645,34.9,27.309,31,31,31
1,2015,6,2015/06/01,185.7,15,0.5,32.471,26.018,30,30,30
1,2015,7,2015/07/01,41.8,6,0.1935,32.097,26.758,31,31,31
1,2015,8,2015/08/01,16.6,7,0.2258,33.694,26.545,31,31,31
1,2015,9,2015/09/01,113,14,0.4667,32.317,24.933,30,30,30
1,2015,10,2015/10/01,207.4,21,0.6774,30.671,25.516,31,31,31
1,2015,11,2015/11/01,89.4,15,0.5,29.193,24.78,30,30,30
1,2015,12,2015/12/01,0,0,0,30.987,25.629,31,31,31
1,2016,1,2016/01/01,0,0,0,33.032,23.9,31,31,31
1,2016,2,2016/02/01,0,0,0,34.172,25.51,29,29,29
1,2016,3,2016/03/01,0,0,0,37.132,27.024,31,31,31
1,2016,4,2016/04/01,37.5,7,0.2333,37.033,27.357,30,30,30
1,2016,5,2016/05/01,148.6,15,0.4839,33.587,26.765,31,31,31
1,2016,6,2016/06/01,214.6,25,0.8333,30.617,25.33,30,30,30
1,2016,7,2016/07/01,133.8,18,0.5806,30.239,25.235,31,31,31
1,2016,8,2016/08/01,216.2,21,0.6774,30.565,25.426,31,31,31
1,2016,9,2016/09/01,260.9,25,0.8333,29.5,24.103,30,30,30
1,2016,10,2016/10/01,342.2,21,0.6774,28.574,23.697,31,31,31
1,2016,11,2016/11/01,228,15,0.5,27.51,23.507,30,30,30
1,2016,12,2016/12/01,112.2,15,0.4839,27.255,22.961,31,31,31
1,2017,1,2017/01/01,7.2,3,0.0968,29.019,23.316,31,31,31
1,2017,2,2017/02/01,0,0,0,33.121,23.632,28,28,28
1,2017,3,2017/03/01,1,2,0.0645,34.842,24.555,31,31,31
1,2017,4,2017/04/01,20,4,0.1333,36.273,25.613,30,30,30
1,2017,5,2017/05/01,277.2,28,0.9032,32.01,24.787,31,31,31
1,2017,6,2017/06/01,210.6,24,0.8,29.85,24.3,30,30,30
1,2017,7,2017/07/01,175.3,21,0.6774,28.997,24.574,31,31,31
1,2017,8,2017/08/01,116.6,20,0.6452,29.829,24.597,31,31,31
1,2017,9,2017/09/01,486.4,29,0.9667,28.853,24.243,30,30,30
1,2017,10,2017/10/01,807.6,22,0.7097,27.445,23.871,31,31,31
1,2017,11,2017/11/01,114.4,12,0.4,27.873,23.633,30,30,30
1,2017,12,2017/12/01,10.2,10,0.3226,28.387,23.69,31,31,31
1,2018,1,2018/01/01,1.4,2,0.0645,29.935,23.913,31,31,31
1,2018,2,2018/02/01,4.2,1,0.0357,32.346,24.289,28,28,28
1,2018,3,2018/03/01,0,0,0,32.848,24.49,31,31,31
1,2018,4,2018/04/01,4.8,1,0.0333,33.92,25.447,30,30,30
1,2018,5,2018/05/01,363.4,18,0.5806,32.429,25.448,31,31,31
1,2018,6,2018/06/01,113,24,0.8,29.78,24.883,30,30,30
1,2018,7,2018/07/01,42.6,20,0.6452,28.977,24.626,31,31,31
1,2018,8,2018/08/01,21.8,16,0.5161,30.235,24.961,31,31,31
1,2018,9,2018/09/01,151.6,25,0.8333,29.857,24.427,30,30,30
1,2018,10,2018/10/01,326.6,27,0.871,26.939,23.419,31,31,31
1,2018,11,2018/11/01,17.4,13,0.4333,28.437,23.93,30,30,30
1,2018,12,2018/12/01,5.8,5,0.1613,29.045,23.661,31,31,31
1,2019,1,2019/01/01,0,0,0,30.806,24.032,31,31,31
1,2019,2,2019/02/01,0,0,0,32.811,24.529,28,28,28
1,2019,3,2019/03/01,0,0,0,33.539,24.803,31,31,31
1,2019,4,2019/04/01,0.4,1,0.0333,35.377,26.003,30,30,30
1,2019,5,2019/05/01,312.8,21,0.6774,31.632,26.039,31,31,31
1,2019,6,2019/06/01,107,30,1,30.797,25,30,30,30
1,2019,7,2019/07/01,120.2,13,0.4194,30.403,25.432,31,31,31
1,2019,8,2019/08/01,73.4,17,0.5484,30.203,25.342,31,31,31
1,2019,9,2019/09/01,183,26,0.8667,29.3,24.643,30,30,30
1,2019,10,2019/10/01,237.6,28,0.9032,27.852,23.861,31,31,31
1,2019,11,2019/11/01,29.4,18,0.6,27.977,24.1,30,30,30
1,2019,12,2019/12/01,12.1,11,0.3548,28.784,24.074,31,31,31
1,2020,1,2020/01/01,2.1,3,0.0968,31.21,24.552,31,31,31
1,2020,2,2020/02/01,0,0,0,32.776,25,29,29,29
1,2020,3,2020/03/01,0,0,0,33.329,25.007,31,31,31
1,2020,4,2020/04/01,0.4,1,0.0333,35.59,26.18,30,30,30
1,2020,5,2020/05/01,225.1,14,0.4516,33.426,26.384,31,31,31
1,2020,6,2020/06/01,195.2,27,0.9,30.13,25.32,30,30,30
1,2020,7,2020/07/01,123.6,26,0.8387,29.39,24.842,31,31,31
1,2020,8,2020/08/01,512.2,27,0.871,28.258,24.065,31,31,31
1,2020,9,2020/09/01,327.9,27,0.9,28.35,23.79,30,30,30
1,2020,10,2020/10/01,443,28,0.9032,27.365,23.69,31,31,31
1,2020,11,2020/11/01,681.5,21,0.7,26.203,22.93,30,30,30
1,2020,12,2020/12/01,29,9,0.2903,27.393,22.793,31,31,31
1,2021,1,2021/01/01,10.8,6,0.1935,28.242,22.974,31,31,31
1,2021,2,2021/02/01,0,0,0,31,23.136,28,28,28
1,2021,3,2021/03/01,0.1,1,0.0323,32.729,23.774,31,31,31
1,2021,4,2021/04/01,94.7,12,0.4,33.393,24.51,30,30,30
1,2021,5,2021/05/01,128.4,10,0.3226,31.1,24.579,31,31,31
1,2021,6,2021/06/01,153.4,22,0.7333,29.967,23.89,30,30,30
1,2021,7,2021/07/01,89.8,18,0.5806,29.048,23.943,31,31,31
1,2021,8,2021/08/01,285.8,27,0.871,28.077,23.397,31,31,31
1,2021,9,2021/09/01,294.6,24,0.8,28.073,23.23,30,30,30
1,2021,10,2021/10/01,152.9,24,0.7742,28.177,23.339,31,31,31
1,2021,11,2021/11/01,49.1,8,0.2667,27.489,22.929,30,30,30
1,2021,12,2021/12/01,7.6,6,0.1935,28.388,23.467,31,31,31
1,2022,1,2022/01/01,1,1,0.0323,29.768,23.374,31,31,31
1,2022,2,2022/02/01,0,0,0,31.6,23.532,28,28,28
1,2022,3,2022/03/01,0,0,0,33.429,24.323,31,31,31
1,2022,4,2022/04/01,18.7,3,0.1,34.253,24.697,30,30,30
1,2022,5,2022/05/01,340,25,0.8065,31.335,24.745,31,31,31
1,2022,6,2022/06/01,393.7,29,0.9667,27.247,23.453,30,30,30
1,2022,7,2022/07/01,339.9,21,0.6774,27.965,23.561,31,31,31
1,2022,8,2022/08/01,274,25,0.8065,27.874,23.535,31,31,31
1,2022,9,2022/09/01,332.1,26,0.8667,27.243,23.447,30,30,30
1,2022,10,2022/10/01,235.5,24,0.7742,27.635,23.539,31,31,31
1,2022,11,2022/11/01,300.9,24,0.8,26.49,23.363,30,30,30
1,2022,12,2022/12/01,2.2,3,0.0968,27.668,23.139,31,31,31
1,2023,1,2023/01/01,1.3,2,0.0645,28.674,23.384,31,31,31
5,2000,7,2000/07/14,56,5,0.2778,31.611,20,18,18,18
5,2000,8,2000/08/01,138.2,17,0.5484,31.143,21,31,31,31
5,2000,9,2000/09/01,254.15,21,0.7,,,30,30,30
5,2000,10,2000/10/01,124,13,0.4194,,,31,31,31
5,2000,11,2000/11/01,0.5,1,0.0476,,,21,21,21
5,2001,1,2001/01/22,0,0,0,36.3,13.3,10,10,10
5,2001,2,2001/02/01,0,0,0,39.19,16.048,21,21,21
5,2001,3,2001/03/01,0,0,0,39.44,20.32,25,25,25
5,2001,4,2001/04/01,76.5,7,0.2692,37.84,20.28,26,26,26
5,2001,5,2001/05/01,164.625,8,0.2857,37.821,20.321,28,28,28
5,2001,6,2001/06/01,163.37,12,0.48,37.52,19.64,25,25,25
5,2001,7,2001/07/01,126.25,12,0.4138,35.103,19.138,29,29,29
5,2001,8,2001/08/01,66.675,7,0.2333,32.267,19.3,30,30,30
5,2001,9,2001/09/01,201.5,9,0.3,,,30,30,30
5,2001,10,2001/10/01,81.2,12,0.4,35.033,20.5,30,30,30
5,2001,11,2001/11/01,8.625,2,0.069,35.586,20.207,29,29,29
5,2002,11,2002/11/12,0,0,0,35.526,18.526,19,19,19
5,2002,12,2002/12/01,35.5,3,0.0968,34.161,15.161,31,31,31
5,2003,1,2003/01/01,0,0,0,35.419,14.806,31,31,31
5,2003,2,2003/02/01,42.8,5,0.1786,37.464,18.929,28,28,28
5,2003,3,2003/03/01,67.8,4,0.129,37.867,18.5,31,31,31
5,2003,4,2003/04/01,195.4,8,0.2667,35.767,20.897,30,30,30
5,2003,5,2003/05/01,51.5,4,0.129,35.56,21.12,31,31,31
5,2003,6,2003/06/01,290,15,0.5,34.267,19.2,30,30,30
5,2003,7,2003/07/01,61.52,11,0.3548,32.9,18.7,31,31,31
5,2003,8,2003/08/01,31.3,6,0.1935,31.567,18.667,31,31,31
5,2003,11,2003/11/01,49.4,8,0.2667,35.433,18,30,30,30
5,2003,12,2003/12/01,0.6,1,0.0323,34.065,15.613,31,31,31
5,2004,1,2004/01/01,22.5,1,0.0323,34.464,14.929,31,31,31
5,2004,2,2004/02/01,0,0,0,37.071,18,28,28,28
5,2004,3,2004/03/01,20.7,4,0.129,36.967,19.367,31,31,31
5,2004,4,2004/04/01,144.3,13,0.4333,34.2,21.4,30,30,30
5,2004,5,2004/05/01,105.7,10,0.3226,34.419,20.677,31,31,31
5,2004,6,2004/06/01,104.7,10,0.3333,33.467,19.267,30,30,30
5,2004,7,2004/07/01,223,13,0.4194,32.774,18.403,31,31,31
5,2004,8,2004/08/01,83.1,17,0.5484,31.952,19.097,31,31,31
5,2004,9,2004/09/01,151.3,23,0.7667,33.317,18.233,30,30,30
5,2004,10,2004/10/01,227.6,16,0.5161,34.583,18.683,31,31,31
5,2004,11,2004/11/01,26.9,8,0.2667,34.483,18.933,30,30,30
5,2004,12,2004/12/01,0.4,1,0.0323,34.194,18.29,31,31,31
5,2005,1,2005/01/01,81.4,5,0.1613,33.5,14.677,31,31,31
5,2005,2,2005/02/01,13.3,5,0.1786,36.679,19.607,28,28,28
5,2005,3,2005/03/01,167.1,11,0.3548,36.968,20,31,31,31
5,2005,4,2005/04/01,88.6,10,0.3333,37.133,20.133,30,30,30
5,2005,5,2005/05/01,134.6,14,0.4516,37.613,19.387,31,31,31
5,2005,6,2005/06/01,131.65,20,0.6667,34.759,19.69,30,30,30
5,2005,7,2005/07/01,177.4,14,0.4516,32.452,18.548,31,31,31
5,2005,8,2005/08/01,46.95,6,0.3,30.8,18.35,20,20,20
5,2005,9,2005/09/01,139.8,12,0.4,32.241,18.345,30,30,30
5,2005,10,2005/10/01,183.8,14,0.4516,34.926,18.333,31,31,31
5,2005,11,2005/11/01,36.5,3,0.1,35.172,18.069,30,30,30
5,2005,12,2005/12/01,22.5,1,0.0323,34.774,16.581,31,31,31
5,2006,1,2006/01/01,15.6,2,0.0645,35.241,17.414,31,31,31
5,2006,2,2006/02/01,2.2,1,0.0357,37.259,19.111,28,28,28
5,2006,3,2006/03/01,115,7,0.2258,36.88,19.24,31,31,31
5,2006,4,2006/04/01,0,0,0,39.045,19.591,30,30,30
5,2006,5,2006/05/01,,0,0,36.655,19.207,31,31,31
5,2006,6,2006/06/01,,0,0,35.321,19.3,30,30,30
5,2006,7,2006/07/01,,0,0,31.889,19.25,31,31,31
5,2006,8,2006/08/01,,0,0,31.087,18.739,31,31,31
5,2006,9,2006/09/01,,0,0,31.621,18.828,30,30,30
5,2006,10,2006/10/01,,0,0,33.964,18.536,31,31,31
5,2006,11,2006/11/01,,0,0,34,15.857,30,30,30
5,2006,12,2006/12/01,,0,0,33.448,13.724,31,31,31
5,2007,1,2007/01/01,,0,0,34.069,14.345,31,31,31
5,2007,2,2007/02/01,,0,0,37.154,18.077,28,28,28
5,2007,3,2007/03/01,,0,0,38.034,19.483,31,31,31
5,2007,4,2007/04/01,,0,0,37.5,19.321,30,30,30
5,2007,5,2007/05/01,,0,0,35.621,19.69,31,31,31
5,2007,6,2007/06/01,,0,0,33.931,19.845,30,30,30
5,2007,7,2007/07/01,,0,0,33.962,19.865,31,31,31
5,2007,8,2007/08/01,,0,0,31.558,19.769,31,31,31
5,2007,9,2007/09/01,,0,0,32.3,21.775,30,30,30
5,2007,10,2007/10/01,,0,0,33.682,23,31,31,31
5,2007,11,2007/11/01,,0,0,34.04,22.68,30,30,30
5,2007,12,2007/12/01,,0,0,32.889,12.556,31,31,31
5,2008,1,2008/01/01,,0,0,32.429,12.286,31,31,31
5,2008,2,2008/02/01,,0,0,,,29,29,29
5,2008,3,2008/03/01,,0,0,,,31,31,31
5,2008,4,2008/04/01,,0,0,,,30,30,30
5,2008,5,2008/05/01,,0,0,,,31,31,31
5,2008,6,2008/06/01,,0,0,31.917,18.87,30,30,30
5,2008,7,2008/07/01,,0,0,30.258,19.516,31,31,31
5,2008,8,2008/08/01,,0,0,31.16,18.84,31,31,31
5,2008,9,2008/09/01,,0,0,30.458,18.792,30,30,30
5,2008,10,2008/10/01,,0,0,32.105,19.316,31,31,31
5,2008,11,2008/11/01,,0,0,31.667,17.5,30,30,30
5,2008,12,2008/12/01,,0,0,31.333,18.667,31,31,31
5,2009,1,2009/01/01,,0,0,32.471,14.471,31,31,31
5,2009,2,2009/02/01,,0,0,34.476,18.65,28,28,28
5,2009,3,2009/03/01,,0,0,33.867,19.464,31,31,31
5,2009,4,2009/04/01,328,7,0.2333,33.043,19.087,30,30,30
5,2009,5,2009/05/01,,0,0,35.6,19,31,31,31
